{"minMcX":0,"maxMcX":1457,"minMcZ":0,"maxMcZ":1483,"minGeoLat":40.701789,"maxGeoLat":40.715127,"minGeoLon":-73.972278,"maxGeoLon":-73.954983}